Deciles,pred_spend,actual_spend
9,774.1637547350791,889.7495520405606
8,591.601116822572,684.7528231120796
7,509.1975958085546,580.0218694897706
6,456.0000012871316,542.6360409183416
5,415.6102423988625,465.72493459052134
4,379.3667680994802,427.9165291147862
3,346.22299304918783,412.54602965814354
2,312.2750109463685,346.57024448721575
1,271.6491519533691,337.06162387368084
0,214.89226602565031,277.2473048902187
