Deciles,pred_spend,actual_spend
9,749.3630926222253,819.8288864283928
8,575.633136612759,648.8451098808631
7,503.36941099425457,611.9076810713991
6,456.4429207686916,480.74841440473216
5,417.4525959725298,500.2059333333334
4,380.8762726124058,406.874717300584
3,345.86617416709237,393.227
2,314.8087552916395,351.0970000000001
1,280.8526491710639,357.52373333333327
0,223.99191179753848,294.38808777075405
